year,t,i_d,i_c,i_f,P_emissions,Temp,kd,kc,kf,ks,E_agg,Y_agg,C_agg,SCC,
2025,0,-0.021724003,0.033167244,0.261437261,53.20188482,1.38,0.790835,0.15254,4.35,0,40.63263165,110.98,88.99695421,122.0585342,
2026,1,-0.015542743,0.033447735,0.253644852,43.56476651,1.402344792,0.71936734,0.168900821,4.322109746,0.021725486,39.15572315,112.8835978,91.05968632,125.0797653,
2027,2,-0.012518767,0.040334145,0.253103782,39.10921194,1.420641994,0.658575718,0.185100979,4.289008639,0.03591116,37.96551453,114.7865166,92.00474982,128.1639011,
2028,3,-0.003731837,0.039066178,0.239965906,35.93644755,1.437067863,0.604631091,0.205003322,4.25739757,0.046194511,37.03980704,116.7401481,94.58709172,131.3165159,
2029,4,-0.007405846,0.044676443,0.238393755,33.80270372,1.452161171,0.562864097,0.223730199,4.21604762,0.047333312,36.49707928,118.7345611,95.76614934,134.540719,
2030,5,0.030529125,0.037723191,0.213550727,31.532214,1.466358306,0.520049968,0.245412621,4.175772155,0.051869003,35.85717124,120.7119161,97.39354855,137.8393718,
2031,6,0.035268174,0.042709803,0.214893928,31.71997323,1.479601836,0.516075782,0.261900801,4.115745741,0.048606443,37.02306982,123.1766706,98.3860406,141.2157723,
2032,7,-0.008201292,0.043653389,0.241230361,32.18899243,1.492924225,0.516472599,0.281172089,4.060539084,0.045549098,38.53585763,125.7851168,101.0331889,144.6669243,
2033,8,0.021310532,0.043185123,0.220831561,29.93946764,1.506443602,0.475781114,0.300362344,4.032030413,0.050970009,37.69038899,127.9193965,102.6452201,148.1929652,
2034,9,0.021264149,0.03907196,0.240221566,29.72932492,1.519018178,0.466210751,0.318445659,3.987152467,0.047763995,38.5569772,130.5022631,103.267781,151.801987,
2035,10,0.023801478,0.041589467,0.231567336,29.5456376,1.531504494,0.457180631,0.33269342,3.962109056,0.04475964,39.33562346,133.2383632,105.7125448,155.4915658,29.60982538
2036,11,0.019376492,0.041082314,0.236380648,29.5428048,1.543913662,0.450986446,0.348157438,3.93092567,0.041944259,40.33404413,136.0457089,107.898527,159.2620622,29.44514681
2037,12,0.020081425,0.043213679,0.233598371,29.29189194,1.55632164,0.441163813,0.362492967,3.905836678,0.039305965,41.07044105,138.8699519,110.0715108,163.1148994,29.22290411
2038,13,0.014619266,0.040436534,0.239427881,29.11607481,1.568624235,0.43258231,0.37775423,3.879786985,0.03683362,41.91873879,141.7725831,112.5487994,167.0521811,29.03483055
2039,14,0.021501969,0.042485314,0.230875228,28.61811138,1.580852986,0.419499472,0.390101512,3.860400786,0.034516785,42.36439669,144.6646649,114.735165,171.0753667,28.75332621
2040,15,0.014202846,0.047594838,0.233368184,28.60526984,1.592872593,0.413513083,0.403422435,3.834649075,0.032345679,43.3362772,147.7176299,117.0652045,175.1871397,28.39531235
2041,16,0.011257861,0.046741276,0.229081954,28.1352831,1.604886806,0.401219728,0.420026875,3.812615565,0.030311136,43.96134632,150.7558149,120.2514619,179.3880754,27.96379835
2042,17,0.011927511,0.049719444,0.241418804,27.5018226,1.616703625,0.386928062,0.435147015,3.788119554,0.028404566,44.37489577,153.7677698,120.8284881,183.6809317,27.66984973
2043,18,0.022036839,0.045496932,0.234242044,26.95850485,1.628254391,0.374152906,0.45181482,3.775879893,0.026617918,44.93692305,156.9902441,123.4478356,188.0689904,27.38509412
2044,19,0.019489435,0.049214521,0.226032414,27.14836824,1.639576963,0.371357866,0.464311141,3.758087556,0.024943651,46.15709844,160.4326207,126.9199478,192.5523975,27.15481876
2045,20,0.015912486,0.044920316,0.236600204,27.1814918,1.650979277,0.36646656,0.479104013,3.734141409,0.023374696,47.30856997,163.8576646,129.2598162,197.1310755,27.07751377
2046,21,0.020116986,0.047478416,0.229743405,26.98390632,1.662395504,0.35863857,0.489677003,3.720872812,0.021904427,48.08859677,167.3369904,131.9584424,201.8078821,26.98119737
2047,22,0.00946027,0.051789393,0.239235287,27.11529765,1.673728745,0.355069222,0.501751293,3.702387927,0.020526639,49.29925012,170.9622959,134.3664309,206.5848305,26.74775951
2048,23,0.010752703,0.048796592,0.233443396,26.47692284,1.68511717,0.341948441,0.51663497,3.69328447,0.019235513,49.77287105,174.531294,138.035572,211.4627912,26.54052718
2049,24,0.018959747,0.046985598,0.240763638,25.98117893,1.696237477,0.330858452,0.528326345,3.679664892,0.018025599,50.30466668,178.1416614,139.0762289,216.4453995,26.33813908
2050,25,0.014303124,0.054560846,0.237663092,26.14533015,1.707149572,0.327921364,0.53790165,3.673224237,0.016891789,51.52887115,182.117737,142.174701,221.535487,26.04048943
2051,26,0.011793165,0.056981743,0.24029071,25.97196582,1.718130611,0.320976333,0.553094225,3.664464368,0.015829296,52.59314982,186.0972219,144.8921292,226.7310632,25.8125673
2052,27,0.012075809,0.053530512,0.229689569,25.62704939,1.729038837,0.312150241,0.569415879,3.658503635,0.014833633,53.52382855,190.1452717,149.8726061,232.0349744,25.72005921
2053,28,0.017560851,0.054304673,0.235753822,25.33731219,1.739802197,0.304127986,0.582097755,3.643652867,0.013900597,54.40708416,194.1612374,151.2551189,237.449411,25.63640707
2054,29,0.017696602,0.055617331,0.232942817,25.51863847,1.750443869,0.301546182,0.594722324,3.634967038,0.01302625,55.87409199,198.5136215,154.8169661,242.9782831,25.53802912
2055,30,0.012028022,0.052729366,0.224436872,25.72706949,1.761161697,0.299237945,0.607730391,3.624342547,0.012206899,57.4226811,202.9499683,160.7297305,248.6199848,25.3654465
2056,31,0.006350679,0.053348307,0.22944089,25.48007608,1.771967066,0.291963958,0.617658483,3.606910053,0.011439085,58.33217669,207.1909274,163.9532637,254.3763088,25.18085968
2057,32,0.009949706,0.055400776,0.222789137,24.76413626,1.782668698,0.279820746,0.627548279,3.594881226,0.010719566,58.68507374,211.4050917,167.3735423,260.2533868,
2058,33,0.00598632,0.055994519,0.230832029,24.41437812,1.793069635,0.271821598,0.638585416,3.577745201,0.010045306,59.55216101,215.8045013,169.976994,266.2553405,
2059,34,0.009750012,0.060116382,0.227411823,23.73616948,1.803323674,0.26058813,0.649503019,3.568644039,0.009413456,60.02197688,220.257991,172.7193642,272.383505,
2060,35,0.012469012,0.064744802,0.220854865,23.446239,1.813292865,0.253588642,0.663201438,3.557096335,0.00882135,61.12120331,224.9863878,176.2429161,278.6410188,
2061,36,0.011014654,0.065039105,0.226693636,23.43144367,1.823140286,0.249497623,0.679910182,3.540497288,0.008266487,62.73820103,229.9198212,179.2677677,285.0279052,
2062,37,0.00854458,0.064686032,0.22294566,23.30275385,1.832981492,0.244337802,0.695961401,3.529978733,0.007746525,64.22271243,234.9825808,184.2699266,291.5449378,
2063,38,0.007712436,0.059224249,0.232180809,22.96342475,1.842768648,0.237222905,0.710859227,3.516807975,0.007259268,65.41926959,240.010116,187.6066014,298.1938562,
2064,39,0.006092225,0.065353083,0.224348189,22.57276641,1.852413287,0.229772728,0.720436245,3.51245291,0.00680266,66.34141051,245.1718886,192.1270875,304.9791817,
2065,40,0.006902133,0.061753911,0.220973299,22.0518849,1.861893849,0.221262048,0.7345455,3.501538193,0.006374773,67.32218706,250.3621527,197.2472846,311.9030576,
2066,41,0.008962334,0.067567291,0.235884271,21.64803153,1.87115564,0.214042569,0.744904792,3.488319668,0.0059738,68.3191177,255.6279743,197.0587681,318.9694584,
2067,42,0.003765954,0.069404099,0.22449614,21.48265402,1.880247814,0.209175107,0.759488816,3.488837861,0.005598048,69.88203223,261.4129949,204.1848156,326.1818675,
2068,43,0.009062412,0.065275528,0.22952266,20.79901071,1.889270528,0.199727379,0.774778738,3.479440454,0.005245931,70.79169239,266.9242471,207.3129386,333.5364994,
2069,44,0.01386712,0.069330563,0.217567163,20.71212698,1.898006113,0.195824969,0.785821185,3.474965757,0.004915962,72.37896455,272.87647,212.5499962,341.0421994,
2070,45,0.004306139,0.071269187,0.228356183,21.12797285,1.906705206,0.196396342,0.799606776,3.460335721,0.004606748,74.87969006,279.1078156,216.5879144,348.6968606,
2071,46,0.012604287,0.068316183,0.23483614,20.54151542,1.915578955,0.188267632,0.814228453,3.455966994,0.004316983,76.02453214,285.1417177,218.8624317,356.5003307,
2072,47,0.009335852,0.066277607,0.232830636,20.87940405,1.924206391,0.188191014,0.825597736,3.457465477,0.004045445,78.40686501,291.8408496,225.5834588,364.4598489,
2073,48,-0.00768476,0.069812652,0.228923308,20.87744576,1.932975741,0.185235875,0.83462459,3.457142389,0.003790986,80.21750459,298.4373536,232.3850632,372.5694885,
2074,49,0.016528263,0.068601246,0.21269546,17.7405342,1.941744268,0.165887635,0.846099836,3.453452713,0.011335932,79.18079179,304.0575857,237.1476819,380.8349656,
2075,50,-0.004651777,0.076910946,0.230149351,18.50755177,1.949195293,0.170337086,0.855919256,3.43582625,0.010622902,82.45075516,311.1755671,240.2471677,389.2774128,
2076,51,0.012773498,0.070825927,0.226107098,16.8605549,1.956968464,0.154955812,0.872081839,3.43444554,0.014846346,82.33138748,317.4352548,244.6134191,397.8803316,
2077,52,0.01168779,0.070286258,0.228100934,17.31830367,1.964049897,0.156935454,0.882301707,3.429640227,0.01391251,85.27982236,324.9493474,250.3605102,406.6623169,
2078,53,0.002840832,0.071905707,0.22577544,17.67278166,1.971323585,0.157888772,0.891492017,3.426846093,0.013037414,88.04748826,332.5580635,258.3289553,415.6093306,
2079,54,0.003000991,0.0751185,0.222139691,17.0978417,1.978746153,0.150758905,0.901523126,3.422197851,0.01221736,89.24810727,339.6970723,263.8421739,424.7241478,
2080,55,0.012885888,0.07254177,0.224825252,16.57477105,1.985927247,0.144230299,0.913676648,3.414661897,0.011448888,90.71075299,347.0216346,267.1385384,434.019479,
2081,56,0.009516649,0.077534017,0.230478307,17.13536622,1.992888651,0.146898952,0.922988671,3.409902163,0.010728753,94.05212514,355.2546052,271.590357,443.4983563,
2082,57,-0.000917637,0.072483113,0.230135597,17.34866481,2.000085504,0.146570763,0.935953594,3.410319391,0.010053915,97.05789249,363.6146123,281.5172651,453.1512685,
2083,58,0.006917603,0.074772478,0.229433217,16.28025045,2.007371944,0.136431515,0.943951912,3.410415859,0.011025716,97.52673133,371.2218523,285.3786709,462.9804605,
2084,59,0.0069566,0.080897494,0.22816553,16.26747071,2.014209649,0.134434767,0.953426924,3.409898968,0.010332198,100.0101101,379.7182235,290.5252806,473.0040985,
2085,60,0.008315947,0.078443294,0.23066381,16.27266767,2.021041986,0.132593576,0.967489779,3.408314682,0.009682303,102.9146412,388.5129929,296.9047402,483.2139869,
2086,61,-0.001747866,0.084291095,0.223217609,16.44517353,2.027876507,0.132063416,0.978717847,3.408984912,0.009073286,106.0273365,397.6045768,306.3178114,493.6105083,
2087,62,0.003489836,0.079824243,0.223138061,15.2866376,2.03478348,0.122001365,0.994188103,3.403161259,0.010797315,107.0598553,405.9734193,313.1865685,504.1940088,
2088,63,-0.000732254,0.081673036,0.226844083,14.9496118,2.041203868,0.117735706,1.005068755,3.397609787,0.010118164,109.2728514,414.9569604,319.0230671,514.9826822,
2089,64,0.000659285,0.082625086,0.230147191,14.05651588,2.047482704,0.109595956,1.016886122,3.395598792,0.010935838,110.5221263,423.8519673,324.1935586,525.9736391,
2090,65,0.003117233,0.084998965,0.227602825,13.42027735,2.053386441,0.103359392,1.028835532,3.396563882,0.010630911,112.3032273,433.2097157,330.8527926,537.1752069,
2091,66,0.006455564,0.082448468,0.22864234,13.14273634,2.059022958,0.099900794,1.042098411,3.395271235,0.009962227,115.0167504,443.0713366,337.9931795,548.5870437,
2092,67,0.00581902,0.085102747,0.215202774,13.29473532,2.064542907,0.099680911,1.052475752,3.394953918,0.009335603,118.5360437,453.4683764,349.8076322,560.2076577,
2093,68,0.006065084,0.081423382,0.231783185,13.37556024,2.070126696,0.098916738,1.064496402,3.3829726,0.008748393,122.1245133,463.7619014,353.1882282,572.0343317,
2094,69,0.008256535,0.085012618,0.217666393,13.49471647,2.075744431,0.098414431,1.072734882,3.386086264,0.008198119,125.5761132,474.6217361,364.5433196,584.0750379,
2095,70,-0.002313307,0.081862189,0.233202752,13.8875412,2.081412212,0.099809188,1.083535355,3.376775672,0.007682458,129.9578797,485.6515126,370.9183411,596.3259981,
2096,71,0.005661149,0.079112879,0.231424136,12.76954812,2.087244979,0.091203443,1.091058399,3.381474071,0.009979773,130.8604718,496.0895425,378.8380135,608.7903514,
2097,72,-0.001232512,0.080015546,0.226701832,12.88605634,2.092608189,0.090805523,1.095807213,3.38436509,0.009352045,134.2738456,507.6009986,390.617484,621.4847105,
2098,73,-0.004617984,0.089778438,0.225704922,12.02636216,2.098020333,0.083855157,1.101053772,3.383004726,0.010626466,135.5155106,518.4153959,395.266389,634.3986665,
2099,74,0.007266528,0.087124657,0.215296367,10.72181009,2.103071405,0.073931682,1.114255515,3.380860229,0.01481825,136.3800197,529.2652922,406.4149089,647.5515494,
2100,75,-0.001013566,0.084203647,0.229066506,11.14423396,2.107574565,0.075865651,1.124481143,3.369790213,0.013886182,141.3556686,541.6747399,413.7355798,660.951889,
2101,76,-0.002478128,0.085571187,0.214379496,10.4234322,2.112255144,0.070074826,1.13164957,3.371325777,0.014695214,143.2055518,553.5151716,428.1888475,674.5814154,
2102,77,0.006870927,0.089243823,0.227477907,9.514889475,2.116632985,0.063166585,1.13956942,3.360016687,0.016695149,144.6682834,565.0159711,427.5912,688.4569882,
2103,78,0.006211357,0.090702476,0.23156729,9.97077275,2.120629239,0.06535587,1.150145318,3.360748967,0.015645024,150.1206955,578.7554053,436.0171277,702.5942099,
2104,79,0.006040387,0.087277482,0.220299876,10.33811743,2.124816963,0.066905587,1.161350698,3.364969356,0.014660952,155.5419566,592.8307932,453.40153,716.9619619,
2105,80,0.005626973,0.085620592,0.219104696,10.67844762,2.129158973,0.068231283,1.169020169,3.359189932,0.013738778,160.6498136,606.6707643,465.4933129,731.560286,
2106,81,-0.001502023,0.090959559,0.221351054,10.96023346,2.133643921,0.069141285,1.174838426,3.352710378,0.012874609,165.5194789,620.6430765,474.4928368,746.399952,
2107,82,-0.001524654,0.091110837,0.221400508,10.15729948,2.138247219,0.063279078,1.184858283,3.348562015,0.014152075,167.9788954,634.137384,484.5058648,761.4852864,
2108,83,0.004125366,0.089953123,0.230088044,9.389542334,2.142513285,0.057761644,1.194435477,3.344699394,0.015368185,170.5398893,647.9613333,489.9646197,776.8322493,
2109,84,0.000356863,0.086356855,0.218909158,9.549299842,2.146456892,0.058002123,1.202484225,3.348577665,0.014401526,175.676616,663.3182238,510.1088932,792.444835,
2110,85,0.001688594,0.085054256,0.219278011,9.122215115,2.150467598,0.05470947,1.207003072,3.34255037,0.014102483,178.8008353,677.854682,521.2981584,808.3045973,
2111,86,-0.001375625,0.086850641,0.233824321,8.936966695,2.154298929,0.052921673,1.210143291,3.337196886,0.013215437,182.551096,692.9465567,524.7631871,824.4343353,
2112,87,0.000450779,0.088625326,0.22719358,8.244134392,2.158052455,0.048204561,1.214642745,3.344728368,0.014365746,185.0273,708.4397909,538.7589611,840.8332978,
2113,88,-0.004415394,0.094861682,0.220806326,7.901964177,2.161514991,0.045620961,1.220400574,3.346106213,0.013998867,188.8032563,724.4788996,550.5745695,857.5029997,
2114,89,0.006017884,0.087368572,0.231532225,6.715088506,2.164833816,0.038279911,1.231125466,3.341871661,0.017790543,190.6554786,739.8624352,558.6013382,874.4436209,
2115,90,-0.003163235,0.091265106,0.22291314,7.286332452,2.167654153,0.041012189,1.234856011,3.347159097,0.016671518,197.2715278,757.8581824,576.9845813,891.6772079,
2116,91,0.004321157,0.094158516,0.22083428,6.33714341,2.170714413,0.035219495,1.241703499,3.344690425,0.019153755,199.5234751,774.1605069,587.539388,909.1671159,
2117,92,0.000898288,0.09263398,0.216096293,6.718393282,2.173376013,0.036867194,1.250618814,3.340563021,0.017948984,206.5453535,792.5841974,606.5714223,926.9521273,
2118,93,0.005563339,0.089669344,0.223744991,6.539644869,2.176197738,0.035433492,1.257727424,3.332558937,0.017029802,211.6138976,810.4083063,615.4933456,945.0043545,
2119,94,0.00244771,0.095831302,0.230803711,7.09724065,2.178944389,0.03796944,1.261892761,3.331663935,0.015958627,218.8698467,829.739838,623.4786458,963.3427591,
2120,95,0.00123843,0.093706144,0.231436958,7.177034851,2.18192523,0.037911816,1.271073339,3.336916871,0.01495483,225.4387737,849.4988399,639.8302193,981.9485094,
2121,96,-0.00430123,0.092085583,0.234448113,7.044101142,2.184939585,0.036740075,1.27792076,3.342410094,0.014014171,231.0940074,869.3503393,653.3231948,1000.820333,
2122,97,-0.004262972,0.088180613,0.232105019,5.836788959,2.187898107,0.030058995,1.28298954,3.350175617,0.017699321,232.8370539,888.3385345,671.0251139,1019.964685,
2123,98,0.005322254,0.096039195,0.218702455,4.684705528,2.190349559,0.023821435,1.284409406,3.355474017,0.021117362,234.1436967,907.3781821,688.2464498,1039.407201,
2124,99,-0.000729207,0.096399277,0.218800811,5.291573204,2.192317135,0.026567798,1.292478107,3.348862609,0.01978908,243.0856261,929.1312001,706.5238446,1059.160589,
2125,100,0.002374919,0.089858381,0.217871966,4.873305977,2.194539596,0.024159035,1.300390587,3.342724423,0.019996,248.4028816,949.9177889,727.0118293,1079.187046,
2126,101,0.001647213,0.090910632,0.223417206,5.07522568,2.196586384,0.024842563,1.30224509,3.336138572,0.018738251,255.1557423,971.6349017,739.027421,1099.512003,
2127,102,0.000332664,0.092772477,0.233426207,5.142432813,2.198717979,0.024853915,1.304897972,3.334750679,0.017559615,261.6954712,994.0105876,747.4312227,1120.128935,
2128,103,0.003893287,0.096510055,0.220996192,4.949767209,2.200877801,0.023620881,1.308996654,3.342081678,0.017080069,267.6586507,1017.175083,770.3938421,1141.034097,
2129,104,0.002395311,0.091633505,0.236918695,5.409352482,2.202956703,0.025488351,1.3160553,3.338247491,0.016005733,276.8694015,1041.274146,780.88924,1162.221521,
2130,105,0.001088266,0.091212626,0.219776769,5.613050031,2.205228631,0.026114427,1.318528725,3.348376067,0.014998972,284.4247278,1066.158388,814.2893273,1183.683151,
2131,106,0.001453477,0.093047732,0.236693621,5.558033735,2.207586112,0.02553218,1.320496025,3.343114532,0.014130205,291.0421505,1090.194384,817.0743988,1205.410968,
2132,107,0.002152203,0.092679108,0.225767757,5.583545838,2.209920486,0.025325727,1.323928021,3.352768262,0.013241415,298.4350146,1116.021619,845.8530449,1227.429051,
2133,108,0.00280309,0.094358978,0.237268845,5.75049153,2.212265575,0.025753834,1.326844229,3.352444211,0.01240853,306.4722527,1141.904842,853.9527105,1249.712389,
2134,109,-0.001358063,0.088959743,0.235705662,6.038429704,2.214680782,0.02670213,1.331034334,3.36205164,0.011628033,315.4600668,1169.351346,881.6168236,1272.268217,
2135,110,0.00337746,0.093898152,0.2290517,5.414233178,2.217216922,0.023639824,1.330326388,3.369759475,0.012863554,319.8801065,1195.675323,901.8119627,1295.074218,
2136,111,-0.001544895,0.090902357,0.235471355,5.831246997,2.2194909,0.025139335,1.333919417,3.371284038,0.012054437,329.6639829,1223.950983,921.1240125,1318.158666,
2137,112,0.001212534,0.095717692,0.226901296,5.163802612,2.221940024,0.021980989,1.334723537,3.378254849,0.013419497,334.5045769,1251.51381,945.2141497,1341.495267,
2138,113,-0.001868658,0.088957154,0.223091258,5.17933276,2.224108821,0.021768903,1.339622869,3.377424036,0.012575411,343.3128775,1280.449058,976.8408539,1365.103837,
2139,114,-0.000604048,0.087540055,0.236835524,4.453373626,2.226284141,0.018481492,1.338410577,3.373339325,0.01418195,347.6729875,1308.155149,985.6956618,1388.969355,
2140,115,0.004930351,0.09778641,0.222317088,4.077078202,2.228154558,0.016706369,1.336038964,3.381364048,0.014641159,353.3672018,1337.895278,1010.449919,1413.123755,
2141,116,0.002166564,0.088809562,0.227185034,4.7674858,2.229866931,0.019288905,1.34263141,3.376376489,0.01372023,366.1897654,1369.78078,1040.768206,1437.540238,
2142,117,0.005542731,0.094131254,0.219986468,5.023296581,2.231869275,0.020067447,1.341115068,3.375900924,0.012857228,375.2949013,1401.304629,1064.472507,1462.187254,
2143,118,-0.000390356,0.089950224,0.229160017,5.818082945,2.233979059,0.02294924,1.344283225,3.369208074,0.012048508,388.2167405,1434.204842,1087.184217,1487.075587,
2144,119,-0.000878189,0.093211263,0.228545713,5.420791909,2.236422654,0.021112337,1.343659181,3.370858358,0.012472244,395.046611,1466.424521,1108.267858,1512.184525,
2145,120,0.003695079,0.091568411,0.24185035,4.912518107,2.238699387,0.018891346,1.345888103,3.371881578,0.013259862,402.2849633,1499.407862,1118.599812,1537.52976,
2146,121,-0.001924338,0.094015938,0.222308411,5.477491624,2.240762644,0.020798192,1.346570234,3.384293707,0.012425817,414.2540607,1535.795932,1166.625667,1563.105593,
2147,122,0.001792365,0.096939441,0.22450376,4.670865257,2.243063191,0.017511621,1.349322822,3.379126988,0.014089334,420.6479388,1569.324383,1185.98262,1588.855104,
2148,123,0.005237872,0.098535836,0.230502951,4.883271016,2.245024954,0.018076943,1.354425435,3.376167992,0.013203115,432.7465829,1605.75565,1202.07544,1614.836007,
2149,124,-0.003866554,0.093345662,0.229668846,5.692616136,2.247075928,0.020807082,1.360599329,3.378572723,0.012372639,448.321509,1644.583258,1238.552406,1641.002985,
2150,125,0.003478607,0.099726786,0.239614582,4.299516724,2.249466827,0.015516869,1.361959194,3.3801169,0.015761713,452.12423,1680.158672,1246.210182,1667.313072,
2151,126,0.00396786,0.100909614,0.22045095,4.878005303,2.251272624,0.017382485,1.368716449,3.390135986,0.014770302,467.4418415,1721.318153,1300.254353,1693.828951,
2152,127,-0.004314395,0.10108848,0.226331511,5.539601065,2.253321386,0.019490959,1.376094164,3.383012081,0.01384125,483.7319163,1761.687708,1319.717592,1720.455346,
2153,128,0.004300542,0.097540066,0.225547831,3.978184531,2.255648019,0.013820533,1.383200317,3.381410018,0.017549436,489.1581938,1799.931251,1356.615607,1747.206723,
2154,129,-0.001748868,0.096028425,0.236202997,4.692584864,2.257318856,0.016096711,1.386858785,3.3792226,0.016445577,505.2664058,1842.436941,1376.898314,1774.123654,
2155,130,-0.002334504,0.095170335,0.222962852,3.919333417,2.259289742,0.013274628,1.389004623,3.386362231,0.017706739,513.4998984,1884.327736,1425.88119,1801.136913,
2156,131,0.00092389,0.093621053,0.231299217,2.988826769,2.260935862,0.009995305,1.390285788,3.381642711,0.01939196,520.7209175,1925.36653,1449.28432,1828.255903,
2157,132,0.005675279,0.096423106,0.235510219,3.100936241,2.262191169,0.010239371,1.390153477,3.384416087,0.018363673,533.2776476,1969.996546,1469.940406,1855.505269,
2158,133,0.001724479,0.099993502,0.226815207,3.798184158,2.263493562,0.012383448,1.392447879,3.390658164,0.017208598,550.2086828,2017.436392,1516.855998,1882.824172,
2159,134,0.01004453,0.093532196,0.235939357,4.089862271,2.2650888,0.013166168,1.397675746,3.389028361,0.016126178,566.3827662,2064.535459,1539.140724,1910.15768,
2160,135,0.008459542,0.0980459,0.23551195,4.668006114,2.266806542,0.014837724,1.397034981,3.39537207,0.015111841,582.2592709,2113.518818,1571.937281,1937.506695,
2161,136,-0.002055723,0.097882676,0.234290952,5.632405238,2.268767104,0.017677258,1.40032638,3.400979388,0.014161306,602.100291,2164.613138,1619.057369,1964.830849,
2162,137,0.004160157,0.101599825,0.223063777,4.659705977,2.271132714,0.014439916,1.403286537,3.405208606,0.01582836,611.5988366,2213.327489,1667.095145,1992.081316,
2163,138,-0.00287631,0.097403371,0.223843625,5.446725159,2.273089791,0.016665822,1.409263676,3.399472603,0.014832756,632.4179856,2265.189331,1710.768225,2019.293125,
2164,139,0.00394692,0.096124211,0.233087427,4.180391299,2.275377416,0.01262971,1.411292182,3.394750066,0.01717487,640.4656434,2314.291545,1734.976818,2046.408404,
2165,140,-0.007018258,0.097368679,0.22915283,4.941389836,2.27713318,0.014740448,1.41209902,3.398303664,0.016094571,659.8398474,2369.191977,1756.861558,2073.470136,
2166,141,0.001881656,0.093629881,0.232964711,2.251150391,2.279208564,0.006630576,1.413932793,3.398251066,0.022220564,659.704736,2418.531236,1817.182773,2100.36999,
2167,142,0.006184381,0.101627135,0.225896995,2.6563363,2.280154047,0.007725292,1.41242618,3.401495054,0.02082289,676.751938,2475.068611,1854.963297,2127.204549,
2168,143,0.000989464,0.102350201,0.227093647,3.067390665,2.281269708,0.008808178,1.417899416,3.398435944,0.01951313,697.4108853,2532.924991,1898.794634,2153.850563,
2169,144,0.004622377,0.095958313,0.230255992,3.236430669,2.282558012,0.009176318,1.423675657,3.396592894,0.018430428,717.2285254,2591.814235,1947.690171,2180.270288,
2170,145,0.000596216,0.094490377,0.240241355,3.992240963,2.283917313,0.011176454,1.423617007,3.397594074,0.017271154,738.3478189,2652.744274,1979.32333,2206.429984,
2171,146,0.000332053,0.094385946,0.241189693,3.998137868,2.285594054,0.011051728,1.422290222,3.407139474,0.016613987,754.620156,2714.869992,2024.048132,2232.276637,
2172,147,0.010262652,0.0961918,0.237223214,3.914236709,2.287273272,0.010683281,1.420950478,3.416946397,0.016194379,770.6791776,2778.304159,2063.949275,2257.76619,
2173,148,-0.000728686,0.102630734,0.238319949,3.916780633,2.288917252,0.010555333,1.421252751,3.422774342,0.015175752,788.4928589,2842.945631,2106.838568,2282.857836,
2174,149,0.007933463,0.095337171,0.239185986,3.435496049,2.290562299,0.009141497,1.427075572,3.429208112,0.015672431,806.5449425,2909.142295,2163.869181,2307.512211,
2175,150,0.01100091,0.101154532,0.246026391,3.750290696,2.292005208,0.009853214,1.426280597,3.436013774,0.014686635,826.6635721,2977.491983,2180.613308,2331.680662,
2176,151,0.007500171,0.095418729,0.239595672,3.116194527,2.29358033,0.008083933,1.430548008,3.448298851,0.013762846,843.7906439,3047.348714,2267.193673,2355.306037,
2177,152,0.010140796,0.1014055,0.249835008,3.280038245,2.294889132,0.008401604,1.42962076,3.454348871,0.012897163,863.7425105,3118.462324,2277.031049,2378.333468,
2178,153,0.004093689,0.096071766,0.246176141,2.354947569,2.296266748,0.005955931,1.433910245,3.468836074,0.012085932,879.7495776,3191.415575,2363.372905,2400.721708,
2179,154,0.002342178,0.104694758,0.239684753,2.913737341,2.297255826,0.007276189,1.433352262,3.479351813,0.011325726,903.564576,3267.793142,2417.12283,2422.407443,
2180,155,0.00719343,0.104690833,0.242471301,3.491106471,2.298479595,0.008607991,1.44024206,3.483673991,0.010613338,932.540285,3346.160335,2462.261396,2443.306125,
2181,156,-0.002431895,0.104851996,0.244098305,3.912473496,2.29994586,0.009525225,1.446731718,3.490145668,0.009945759,960.9026328,3426.28765,2514.907802,2463.341472,
2182,157,0.00112698,0.103942202,0.243955999,2.634555004,2.301589099,0.006333099,1.452985132,3.497641749,0.012204028,977.8773899,3504.667192,2583.459711,2482.438307,
2183,158,0.000495723,0.10446953,0.249898666,2.922861375,2.302695612,0.00693749,1.458098855,3.504580466,0.011483798,1005.807012,3588.185259,2628.046886,2500.590796,
2184,159,0.000866307,0.102913088,0.25703479,2.97717559,2.303923214,0.006977241,1.463368958,3.516221671,0.011264831,1032.849739,3674.175273,2677.557588,2517.676309,
2185,160,0.002660731,0.108301907,0.262550793,3.172393556,2.305173627,0.007340937,1.466998659,3.533296949,0.01078905,1060.500891,3763.401547,2714.667421,2533.60143,
2186,161,0.010050116,0.110931913,0.262503584,3.855049806,2.306506033,0.008808045,1.475030908,3.554093846,0.010110419,1095.495666,3857.671741,2762.416473,2548.256881,
2187,162,-0.001020025,0.107697771,0.253174151,3.108761965,2.308125154,0.007013296,1.484840576,3.573656544,0.009474473,1122.087431,3950.979607,2874.732848,2561.490872,
2188,163,-0.00161043,0.114216253,0.253502637,2.466457044,2.309430834,0.00549406,1.491330389,3.584111685,0.010566288,1147.736829,4043.89822,2912.562747,2573.259941,
2189,164,-0.000169959,0.112674142,0.267229293,1.537230654,2.310466746,0.003380991,1.502994501,3.594243568,0.012080134,1175.64647,4139.489254,2945.772464,2583.528058,
2190,165,0.002891433,0.106384987,0.261072755,1.378790934,2.311112383,0.002994253,1.512683511,3.615526645,0.012329283,1208.980372,4241.658109,3073.129201,2592.195253,
2191,166,-5.65E-05,0.117684134,0.259928724,1.645958341,2.311691475,0.003529345,1.516438792,3.63033103,0.011553771,1242.042557,4344.319894,3104.689063,2599.084134,
2192,167,0.002715192,0.112094304,0.278997907,1.535231761,2.312382777,0.003250382,1.529605979,3.643301248,0.011748169,1280.405707,4450.323,3150.561349,2604.122586,
2193,168,0.002391245,0.116791826,0.270272342,1.92790088,2.313027575,0.004030234,1.537273447,3.671770314,0.01100921,1319.520699,4562.841366,3247.859465,2607.171546,
2194,169,0.00419878,0.116718382,0.282351892,2.481503481,2.313837293,0.005122071,1.548497706,3.691194048,0.01031673,1363.961795,4676.939026,3291.303475,2608.028747,
2195,170,0.00020336,0.121531339,0.277902991,2.966295268,2.314879524,0.006045472,1.559017906,3.719771785,0.009667808,1408.418515,4795.859332,3374.524036,2606.575933,
2196,171,0.002046392,0.124073206,0.285427502,2.914520572,2.316125368,0.005865001,1.573013191,3.742939085,0.009782139,1452.703136,4915.701272,3429.951368,2602.621614,
2197,172,0.005935836,0.124579586,0.290885383,3.541762666,2.317349467,0.007037292,1.588357452,3.771169706,0.009166843,1505.180319,5041.90531,3495.11273,2596.046846,
2198,173,0.010259786,0.12139041,0.291297661,4.024914536,2.318837007,0.007896378,1.603258208,3.802411363,0.008590248,1557.519726,5171.502035,3585.446493,2586.627457,
2199,174,0.002639282,0.132424974,0.291245161,2.332522028,2.320527471,0.004518374,1.614612623,3.832221424,0.008049922,1589.469867,5297.575908,3651.488844,2574.178436,
2200,175,0.001586334,0.12944111,0.309729993,2.983288245,2.321507131,0.005706065,1.634617423,3.860285504,0.007543582,1651.088632,5434.587568,3690.417492,2558.650254,
2201,176,0.001737316,0.137164765,0.317501179,3.516059832,2.322760112,0.006640227,1.650990992,3.902352354,0.00706909,1709.891973,5577.825799,3732.88913,2539.740876,
2202,177,0.005317162,0.130022628,0.324116932,4.103101639,2.324236857,0.007651104,1.672912738,3.948563203,0.006624445,1776.472817,5727.474973,3837.943702,2517.187397,
2203,178,0.010109622,0.144358702,0.327296187,4.963800502,2.32596016,0.009139265,1.687603497,3.997710443,0.006207767,1839.953119,5880.296447,3856.624323,2490.715021,
2204,179,0.004194374,0.141808714,0.336259501,4.213145898,2.328044956,0.007659292,1.713463402,4.046754607,0.005817299,1902.787839,6036.086384,3959.01749,2460.102702,
2205,180,0.009853861,0.144841851,0.344407885,5.237646546,2.329814477,0.009401636,1.735758973,4.100532223,0.00545139,1979.757848,6200.602052,4006.693915,2425.118449,
2206,181,0.009049621,0.150039987,0.356207697,4.800139472,2.332014289,0.008507584,1.759335136,4.158089462,0.005108498,2047.231329,6367.214177,4049.895167,2385.43972,
2207,182,0.007331655,0.14782081,0.348862419,4.350266571,2.334030347,0.007612957,1.785917201,4.222238374,0.004787173,2120.127544,6541.090202,4221.572246,2340.827028,
2208,183,0.00517606,0.158190344,0.360082463,4.463791998,2.335857459,0.007713058,1.809168654,4.276697244,0.00448606,2196.781142,6716.461551,4250.049145,2290.959964,
2209,184,0.004191474,0.159639305,0.378335166,5.436185699,2.337732252,0.009274743,1.83973042,4.337457808,0.004203887,2292.573293,6902.599689,4288.039479,2235.625248,
2210,185,0.006956132,0.162570438,0.387054894,6.683145387,2.34001545,0.011258281,1.869798268,4.409966557,0.003939463,2393.272692,7097.697563,4355.858484,2174.399006,
2211,186,0.012705984,0.173040348,0.404504943,8.071307154,2.342822371,0.013424908,1.900623636,4.485663437,0.00369167,2499.243536,7299.009515,4326.616053,2106.856041,
2212,187,0.002976536,0.170779718,0.418033414,8.11622022,2.34621232,0.013329112,1.938360474,4.571542994,0.003459464,2604.625855,7507.759583,4451.166693,2032.60222,
2213,188,0.013221588,0.178325033,0.43103651,9.218398441,2.349621132,0.014946993,1.972170731,4.663800324,0.003241864,2718.441748,7725.110186,4444.370491,1951.197106,
2214,189,0.001376681,0.184123345,0.436418683,9.737481919,2.35349286,0.015587865,2.010321953,4.761646653,0.003037951,2836.059483,7949.666775,4583.45565,1862.194895,
2215,190,0.0035251,0.188216385,0.449549079,10.0642978,2.357582602,0.015905702,2.051132377,4.858558727,0.002846864,2959.318373,8179.691426,4636.597903,1765.130804,
2216,191,0.013219324,0.194917572,0.465235544,11.40597332,2.361809607,0.017789914,2.093061389,4.960908922,0.002667796,3098.040817,8419.847454,4621.456137,1659.573334,
2217,192,0.004464805,0.19498922,0.474567906,13.07432073,2.366600116,0.02011331,2.138173587,5.070473365,0.002499992,3248.824181,8669.904594,4775.591649,1544.98331,
2218,193,0.008082762,0.208094824,0.483417757,14.80604931,2.372091331,0.02244966,2.180889784,5.181691598,0.002342742,3401.377471,8925.605235,4794.632986,1420.77276,
2219,194,0.00295327,0.212980417,0.511011091,17.63956915,2.378309871,0.026305338,2.231950774,5.294081255,0.002195384,3581.43486,9192.186984,4794.592483,1286.405361,
2220,195,0.011387007,0.218062099,0.532021711,18.6190069,2.38571849,0.027345051,2.284218164,5.4227693,0.002057294,3751.174223,9467.552759,4763.735888,1141.209064,
2221,196,0.006338758,0.223683561,0.532676687,22.45615498,2.393538473,0.032314304,2.337785718,5.561502779,0.00192789,3955.049868,9758.708204,4936.69359,984.4863788,
2222,197,0.01135652,0.239600548,0.557441914,25.12437911,2.402970058,0.035456467,2.39302011,5.693341555,0.001806626,4156.349394,10051.32132,4825.733526,815.4243797,
2223,198,0.008254534,0.247460369,0.566884858,29.72574445,2.413522298,0.040979498,2.458109747,5.838092478,0.001692989,4397.153497,10361.21733,4920.662948,633.3702098,
2224,199,0.004646851,0.2443752,0.587391181,33.39651202,2.42600711,0.045044575,2.526042931,5.982716209,0.0015865,4641.2111,10676.12387,5013.71278,437.345412,
2225,200,-0.003261547,6.35E-07,1.25E-18,35.07016548,2.440033645,0.046436566,2.587888611,6.136123679,0.001486709,4864.699677,10996.15129,10974.85142,226.5071257,
