year,t,i_d,i_c,i_f,P_emissions,Temp,kd,kc,kf,ks,E_agg,Y_agg,C_agg,SCC
2026.0,0.0,-0.030722002423364092,0.03114971886754622,0.26580428018189883,52.77514611201898,1.38,0.790835,0.15254,4.35,0.0,40.24564780990462,110.97999999999999,88.8165455153248,102.91092012219748
2027.0,1.0,-0.023633724928357212,0.0329035704509741,0.2610611635041678,41.760405940431056,1.4116650876672112,0.7103694632091826,0.16773396568040078,4.3259474605582175,0.030722102193377347,38.341994735083844,112.84329781897299,90.5468858504924,105.63073558201712
2028.0,2.0,0.017213766136628828,0.033613994806172234,0.24852588049894814,37.270704045881494,1.4367213312314697,0.6420534066932827,0.1836325335200745,4.299152076916192,0.052424243405385165,36.79450623694712,114.69533684946175,91.77428170466115,108.40933655574784
2029.0,3.0,0.018656503828804776,0.034401562923935244,0.24703989755926828,36.38236418084957,1.4590837536589987,0.6184210124851847,0.1995429893187736,4.262894478932919,0.04912675849518644,37.15906608496993,116.95194368385305,93.44689269117981,111.25292161054846
2030.0,4.0,0.01961895441556768,0.03508348578510509,0.2460750774131556,35.636393465647046,1.4809131721675082,0.5976163776733302,0.21546240815598086,4.227482052530325,0.046036685385839216,37.598805654420424,119.27451443955897,95.1756366992682,114.16150669203522
2031.0,5.0,0.020227847278881533,0.03567628659784392,0.24542494519607622,34.999989538969444,1.5022950082468964,0.5790015010243204,0.231280706509488,4.193324865835884,0.04314097787506993,38.09661003778366,121.66309323798028,96.9658745619837,117.13657021762067
2032.0,6.0,0.020577902086394498,0.03617281580688316,0.24499815748503206,34.44869218841633,1.5232950019702782,0.5621037480958664,0.24690617855085203,4.160625561227018,0.040427410366728034,38.63909153793371,124.11727638937292,98.81792740958325,120.17957431336326
2033.0,7.0,0.020759703469004003,0.03664826614305173,0.24471003985557446,33.9642457528137,1.543964217283328,0.5465722475453231,0.2622491228215166,4.129493670817879,0.03788452625466084,39.21550096465125,126.63673142176226,100.72493266616137,123.29197980515703
2034.0,8.0,0.020817020588119153,0.03705205807754876,0.2444675611099029,33.53421788044613,1.5643427647350163,0.5321643187815988,0.27728047050719223,4.099957264339621,0.035501589553242674,39.82018628343005,129.22195050774212,102.69609712491618,126.4752542689957
2035.0,9.0,0.020799993630940483,0.037478736435550754,0.244261892517089,33.14908087571377,1.584463295463284,0.5186941432239363,0.2919404449015737,4.071960681477302,0.03326853957034371,40.447638017242674,131.87291008496862,104.7197660454751,129.73087086514883
2036.0,10.0,0.0207218970709142,0.037892909923651526,0.24404964547706756,32.80257109196171,1.6043527439887124,0.506034441345367,0.3062446813564273,4.045443877717497,0.03117594843136909,41.09668472403561,134.59069922508954,106.80279049527194,133.06031769096919
2037.0,11.0,0.02059417966839225,0.0383069332414282,0.24383438310416808,32.489368340223876,1.6240342866438897,0.49407849112156277,0.3201861557298157,4.0203123111135515,0.029214981275035978,41.76551319155658,137.37598107264608,108.9434209989288,136.46509048329938
2038.0,12.0,0.020429769793266366,0.03874076578410095,0.2436143691398416,32.204964955204346,1.6435279076480238,0.48273701477805764,0.33377035484454975,3.9964803464388865,0.027377358952836217,42.45287306022005,140.22961069134672,111.13951555393292,139.9466986637003
2039.0,13.0,0.02023557999350238,0.039184264665408204,0.24335656062373198,31.94575202762319,1.6628508866211467,0.47193833094782245,0.3470203199006281,3.973866044810891,0.02565532307470282,43.15845680833135,143.1527073853803,113.3955544240772,143.50666525773963
2040.0,14.0,0.02001448258713523,0.03965267504545745,0.24311348343281317,31.70862176031984,1.6820183378377205,0.4616216664195945,0.35995246266596154,3.952363458913782,0.024041603253304015,43.88186052409409,146.14615542211723,115.70535893685411,147.1465257099147
2041.0,15.0,0.01978924662460905,0.04016394568548547,0.24280983395451358,31.490694047287707,1.7010435108939126,0.45173273630064903,0.3725959547831718,3.9319191485404894,0.022529386408671193,44.623041614258184,149.21133454279823,118.07343080097692,150.86783142717314
2042.0,16.0,0.019509513070702925,0.04064903678269814,0.24252535217709267,31.290660168154606,1.7199379273222852,0.4422414626667898,0.3849941461885168,3.912416906968135,0.021112288003565776,45.383736361996554,152.34959113852503,120.50506672032563,154.67214569075523
2043.0,17.0,0.019243713963067424,0.04119543989520049,0.2421905856200961,31.10376688595585,1.7387123234231783,0.4330737454665249,0.39713518282491994,3.8938174221113027,0.01978432508814149,46.16035820412412,155.56141852484342,122.99155116666351,158.56104480414726
2044.0,18.0,0.01896348907897255,0.041751784620466616,0.24188465017258434,30.930062476209766,1.7573745835547516,0.42422248220661857,0.4090775537355675,3.876022939618758,0.01853989104009739,46.95618055218542,158.84870730800415,125.53428353332703,162.5361274120942
2045.0,19.0,0.01868321096640057,0.04233745262364146,0.24156770273985037,30.767596629084384,1.7759326210404776,0.41565517854136896,0.4208370373960183,3.8590108455173335,0.017373731893675266,47.77104808096369,162.2130492369873,128.1349834643609,166.59900203914154
2046.0,20.0,0.018402167244562808,0.042939893573487944,0.2412155279930431,30.61547101752292,1.7943931790179284,0.40735444001208826,0.4324445672156617,3.8427250270215585,0.016280924157563093,48.606307856431,165.65617755460977,130.79916933667155,170.7512895207657
2047.0,21.0,0.018104252396189246,0.04354841822730194,0.2409116672719223,30.472749865130087,1.8127624616284421,0.3993032989647344,0.4439199499702432,3.827091570156477,0.015256854028052375,49.46287133092171,169.17953758869987,133.52134034974716,174.99462197141654
2048.0,22.0,0.017804538964338864,0.04417214587276647,0.24060208350520598,30.337310189923716,1.83104611154752,0.3914711933471573,0.45527371615791595,3.812114024085141,0.014297197909687882,50.3400748832241,172.7848649546329,136.30612237811417,179.33064592938703
2049.0,23.0,0.017529948566120893,0.04481443402429672,0.2402443116281627,30.208183629543598,1.8492484976614743,0.38384314735777214,0.46652341913378,3.7977485029834734,0.013397904161168515,51.238638620642895,176.47386854205666,139.15625463846874,183.76101922787802
2050.0,24.0,0.017258100300704342,0.04542983722392784,0.24000655348564504,30.086490903825435,1.8673734078392006,0.3764295649637241,0.47768863688974267,3.7839166582434616,0.012555175989431016,52.161559605455345,180.24858180307203,142.0606987218496,188.28741207691277
2051.0,25.0,0.01698420921466036,0.04608157775582493,0.23969535916053616,29.97162060698116,1.8854253023814957,0.36921987454006455,0.48875132461654736,3.7706917000036992,0.011765455419695805,53.10868286505296,184.11169327388745,145.0382842869137,192.91150345217304
2052.0,26.0,0.016738803746348677,0.046742650170463536,0.2393684726446297,29.862599335223106,1.9034082747456844,0.36219980982720446,0.49974567463544894,3.7579735947883086,0.01102540827379694,54.08136778869512,188.0645954462896,148.08221438289118,197.63497189406587
2053.0,27.0,0.016514862980106796,0.04734318168055814,0.23922373519125367,29.760938565049287,1.9213258343468183,0.35538368352354577,0.5106823473734101,3.745718676726138,0.010331910093375113,55.082831007405254,192.10981430903328,151.17800289996705,202.45950993116435
2054.0,28.0,0.016354664639823744,0.047995853333822,0.23887342605267084,29.667595658125137,1.939182397485848,0.34877854405171677,0.5215146250126772,3.73405846539909,0.009682032948501819,56.11355737950817,196.25105003334497,154.3597284189714,207.38681088470486
2055.0,29.0,0.016230803856209258,0.048658009144582105,0.23852987674410364,29.587070580329,1.9569829548807232,0.34242929627193996,0.532290070683353,3.7227785158906803,0.009073033076041055,57.18165111533061,200.49049707635612,157.60978325722533,212.41855230770452
2056.0,30.0,0.016182990245658935,0.04929719012227601,0.23828616253346435,29.52156648617356,1.9747351972289204,0.3363531784981328,0.5430190801849583,3.7118622806822157,0.008502339295558072,58.2914822840709,204.83140477248597,160.91592650014232,217.55641121974796
2057.0,31.0,0.016299898638274028,0.05002749181924152,0.23776360195684487,29.47671124190408,1.9924481371206246,0.3306021807256194,0.5536849971193898,3.701375322478165,0.00796754215386747,59.45038117970567,209.2789403039493,164.3073739021362,222.80204633030428
2058.0,32.0,0.01661723190727086,0.05081046432541122,0.2371719813138231,29.46583663324741,2.010134163865767,0.32530478524156115,0.5643655332983751,3.691049301797803,0.0074663837523892065,60.67873410718469,213.8381966060903,167.75756569810665,228.15706970799351
2059.0,33.0,0.017278135118019355,0.05177859157919766,0.2360659855350864,29.50534613147436,2.0278136658457155,0.32061266136696565,0.5751028822736953,3.680814564506233,0.006996748214363926,61.99991435088449,218.51728571528736,171.29842998509832,233.62303841498408
2060.0,34.0,0.018486019782766823,0.05301423410580332,0.23428918642506638,29.62419326231895,2.0455168735246,0.31679412674863777,0.5860456887701847,3.6702174179814917,0.006556652751680435,63.45762728721748,223.3249446667702,174.91739328257964,239.2013998562136
2061.0,35.0,0.02052450740883392,0.05463266807246019,0.23163382439761604,29.869011872781247,2.063291389481991,0.31427583032891043,0.5974019324867583,3.6586940238582875,0.006144239293599737,65.12111753991176,228.27405641948155,178.59394234073866,244.89346024146482
2062.0,36.0,-0.015192047855338973,0.05886506458505834,0.2392007323670114,30.310507365641072,2.08121279660566,0.31369244798499396,0.609461837610319,3.6455311360787594,0.005757766642032314,67.09509780154214,233.38118089984812,183.38906599537043,250.70029378908657
2063.0,37.0,0.01770543040900332,0.05631637598328732,0.2288764397764966,25.305229384580308,2.099399101025045,0.2787674686913187,0.624306251705826,3.639732855972998,0.020598163175533625,64.89583399000043,237.4033709788816,186.07400741788425,256.6226339667913
2064.0,38.0,0.015705668354621328,0.0565137420736578,0.23115005557719173,25.589211545702373,2.114582238655793,0.27781493579500127,0.6362736708405425,3.625277717371546,0.01930253871179256,66.82488866289316,242.723892289701,190.13209799821348,262.6772944885839
2065.0,39.0,0.014306219984321834,0.0569626547936291,0.23250001725648872,25.716358154610443,2.1299357655832143,0.2751598386448225,0.6477462560299353,3.613659527252216,0.01808840902682081,68.55595018813526,248.11296941985648,194.2402011540769,268.8554704347645
2066.0,40.0,0.01333200297299608,0.05761003462541673,0.23317842645488926,25.738661565542003,2.1453655804759806,0.27141702994978656,0.6589563887322614,3.603901491647041,0.01695064809903378,70.16740845433513,253.59276921038972,198.4166484886876,275.15938923613027
2067.0,41.0,0.012574734677263387,0.05839891077516869,0.23336915611980874,25.6943577137264,2.1608087774153057,0.2670249800022783,0.6700814417065184,3.5953074818792485,0.015884452333604557,71.71856088688084,259.17820564160434,202.69125578466898,281.5911729861433
2068.0,42.0,0.011957486830479844,0.05923273978806751,0.2333825892644276,25.603422456290374,2.1762253920435417,0.2622152007220934,0.6812426502823995,3.5873839516753603,0.014885320281820831,73.24235264076613,264.876474768039,207.04614057578547,288.1528860783349
2069.0,43.0,0.011504941810218163,0.06010991968945404,0.23321036995030672,25.47891592318922,2.1915874455173157,0.25713815574420257,0.692475054428082,3.5799370395252246,0.013949033636094302,74.75889103389844,270.69433583994135,211.48478040027743,294.84660299214636
2070.0,44.0,0.011082297247056233,0.06092683628065786,0.23315897217841627,25.336401262209332,2.2068747950712293,0.25195892198790626,0.7038104843762512,3.5727771816559506,0.01307163942038397,76.29259282102431,276.63965410103395,215.9999024612162,301.67439734406685
2071.0,45.0,0.01075319404454269,0.06188909437005203,0.23271729050008969,25.178427476295205,2.2220766358285546,0.24671062842133176,0.7151933813404736,3.565992545040394,0.012249433300841819,77.84522311958484,282.71741725324637,220.64414198165878,308.6383147474296
2072.0,46.0,0.01049361391290685,0.06280691451450379,0.23233949545182325,25.01385927335785,2.237183692314332,0.24148255782192385,0.7267412535111177,3.5592217338131786,0.011478943946218869,79.43712701839667,288.9311231198194,225.3723232863206,315.7403955652812
2073.0,47.0,0.010277169140166756,0.06371017876939469,0.2320234378892728,24.849183242435252,2.252192007878347,0.23633685014692452,0.7384082023662103,3.5525194842095504,0.010756918372001703,81.07722132244126,295.28740701215753,230.18862068945103,322.98269292801865
2074.0,48.0,0.01014288530449591,0.06454020638659455,0.2317579864333556,24.688207597516307,2.2671015178238076,0.231307835938653,0.7501755634531152,3.5459354478182505,0.010080308206402796,82.77214894413916,301.7922207516597,235.10398782204467,330.3672198322656
2075.0,49.0,0.010077467333023319,0.06543958982324545,0.23139707223536193,24.538826700254003,2.2819144423823174,0.22646329956310438,0.7619771090269664,3.539506677191147,0.00944625682022006,84.53229165947766,308.45263311945257,240.12743956571956,337.89594870218224
2076.0,50.0,0.010130501624784858,0.06668537649727944,0.23060943239961415,24.407552716192466,2.29663773840247,0.22185461540491652,0.7738683012063775,3.5331410766402453,0.00885208726622822,86.3731984109815,315.2750369553024,245.26543918701924,345.57078795617946
2077.0,51.0,0.010378377783436326,0.06798132929354787,0.22951315754676133,24.30623846485079,2.311282270032186,0.21757478023535573,0.7861309840001842,3.526463971879833,0.008295290977182465,88.33283347548041,322.26738834411157,250.54886289455757,353.3935776627461
2078.0,52.0,0.010791072782160757,0.06958516048677474,0.22804872788958908,24.255026264259424,2.3258660131110958,0.213779379122764,0.7987859325281212,3.5192251210513548,0.007773517174717689,90.44855545773947,329.43872077192594,255.9461480912429,361.36605368268727
2079.0,53.0,-0.004733772825071385,0.07300061237021203,0.23173165818691543,24.270640983539167,2.340419028869652,0.21058535163316855,0.8120656403395762,3.5111368407421666,0.007284562944427947,92.7667851042374,336.7985759728698,262.2018924096752,369.4898093713583
2080.0,54.0,0.010429577670220291,0.0715057008066656,0.2255289690982348,21.833493057847228,2.3549814134597753,0.19259332972000706,0.8274249364335593,3.506723924840759,0.011794356009004442,92.3208666100213,343.4716148040312,266.80165146229007,377.76625156544367
2081.0,55.0,0.01012845738625966,0.07233479813708599,0.22574671549695813,21.901747471082746,2.3680815092944836,0.19035151654448312,0.8407061173760009,3.497175448020685,0.011052491016038063,94.875431712538,351.1976288514953,272.5739501413478,386.20957829829314
2082.0,56.0,0.010131377305735559,0.07372199045012999,0.2250181380819937,21.953827296992703,2.381222557777133,0.18797598752613706,0.8539367765138026,3.4883776165440232,0.010357289331129269,97.46575728141427,359.09576242087564,278.4945315912017,394.81216203372185
2083.0,57.0,-0.0016382833357139763,0.07693469619004674,0.22828132580097335,22.02329263259608,2.3943948541553284,0.18574577125316258,0.8675815836912352,3.4794619856214064,0.009705815832201238,100.18250157549792,367.18118474362046,285.2471905578133,403.57577622548746
2084.0,58.0,-0.0012726280637450564,0.07737165945263798,0.2269265587991646,20.513641032357775,2.4076088297348863,0.1724193095820528,0.8831230456617473,3.4739080198767454,0.011297290169070703,100.62982919191593,374.7506825708297,291.15201201364283,412.5020046561051
2085.0,59.0,0.00871933428097645,0.07542759253471465,0.22331467220219967,19.21283573460206,2.4199170143543007,0.16029807083627415,0.8981676249939682,3.4675022102358084,0.012482596088950446,101.25203937870499,382.5003055092039,296.5905121322597,421.6029861408263
2086.0,60.0,0.008124405309401778,0.07545040774548814,0.22457037529568213,19.26535140618492,2.431444715795062,0.15847251134733562,0.9107661087521297,3.458329043584824,0.011697440794955464,104.09508168273892,391.144046386345,303.05389521978066,430.8831545603896
2087.0,61.0,0.007737841333329653,0.07597007104101132,0.22502008527913758,19.26459188278891,2.443003926638773,0.1562258789422894,0.9226788057856917,3.4507877993354095,0.010961671768952765,106.86259287200511,399.9615653516603,309.6689933442494,440.33604437248357
2088.0,62.0,0.007550620851672017,0.07693920221080335,0.2248178817042839,19.234940338309684,2.4545626817684463,0.15376816124886722,0.9343572761539172,3.444080149643396,0.010272182614685637,109.63100497524458,408.9695445641313,316.42552279643434,449.96385103042803
2089.0,63.0,-0.00105040121963468,0.07922587501332122,0.22719164372689335,19.20005694710284,2.4661036459714323,0.1512908692882033,0.9461898839537459,3.4375900404258273,0.009626062328221911,112.47506335330687,418.1840983824909,323.8587673761683,459.7686314826141
2090.0,64.0,0.006976017852275364,0.07827432942120266,0.2237702082918418,17.982095533838297,2.477623680139694,0.14072144031296477,0.9592667158598701,3.433542087771865,0.010733224001109164,113.35509367634022,426.97437778161645,330.20328311112894,469.75227207031344
2091.0,65.0,0.006734904538575762,0.07893381038529478,0.22390017043248722,17.95198236689968,2.4884129374599966,0.13851755229980647,0.970816133271994,3.426758985612989,0.010058104211439399,116.3423310727963,436.6141922425355,337.4369674824845,479.9264549257707
2092.0,66.0,-0.0006834126820378102,0.08088648923625145,0.22604019346352835,17.908115203390825,2.4991841268801367,0.1362302081589961,0.9822677649507886,3.4204866571677197,0.00942544945653986,119.37431047465763,446.47021134124896,345.283006216766,490.2855080367471
2093.0,67.0,0.006158868227263591,0.07999151519893954,0.2232633683196936,16.83096541714483,2.509928996002171,0.12697645279472283,0.994708877932636,3.416440549975176,0.010247420104069527,120.56932894434289,455.9488345059117,352.19201958608016,500.8314121887802
2094.0,68.0,0.00588418538405201,0.08032654593785646,0.22371307280066488,16.78421211349846,2.5200275752524575,0.1248701987696565,1.005700526118143,3.410219613344378,0.009602857379523554,123.72117743141663,466.25634453860596,359.9289307116808,511.57550717043705
2095.0,69.0,0.005738322401023678,0.08147693995664275,0.2231742990081332,16.717769199070336,2.5300981025205567,0.12264381907096543,1.0163527283060658,3.404754119987432,0.008998837650351523,126.88716507836968,476.7921273979912,367.8524605595037,522.512433960148
2096.0,70.0,-0.00018958949041105458,0.08328805426248798,0.22465151629020005,16.648284857130708,2.5401287640399985,0.12042089644314777,1.027369400711367,3.399140790247241,0.008432810762144412,130.16422067572512,487.56927080198454,376.32676910158233,533.6442573953028
2097.0,71.0,0.0054316776976183175,0.08320930419810917,0.22185786982363448,15.718175474134254,2.5501177349542767,0.11265668944214224,1.0392838205915749,3.395138980014038,0.00892664877056199,131.8346670825429,498.0603414188333,384.0020835561373,544.97290688944
2098.0,72.0,0.00013994802649399966,0.08483246531685999,0.22313253141115405,15.67170719068888,2.559548640238757,0.11076396280678708,1.0504600959868478,3.388945141265909,0.00836516256289364,135.35610397737256,509.3488367372697,392.87394256950216,556.5087493377716
2099.0,73.0,0.0001606651730884613,0.0852188589179843,0.22230093203315646,14.85840100431464,2.5689516645531705,0.10393676648528428,1.062367768768996,3.384221688820513,0.008609575079194152,137.36886909495956,520.3854338265933,401.3983668121039,568.2469026749399
2100.0,74.0,0.004666773778109461,0.08437415213910704,0.22099298994484906,14.098515772097747,2.5778667051557593,0.0975596805528659,1.0739277817735202,3.3790526927032367,0.008822860603740573,139.50499064106603,531.6805359803776,409.7085421754062,580.1973964796169
2101.0,75.0,-0.00015301775294846226,0.08513212235717697,0.22285598313063407,14.048524783485984,2.5863258146190184,0.09589344364604542,1.0841229413560856,3.373050134204824,0.008267902671765292,143.20939103588097,543.7462166816003,419.0847974756345,592.3639776874153
2102.0,76.0,0.004054244042370846,0.08403831261832617,0.22179308596436745,13.27971836782947,2.5947549294891097,0.08970861024325201,1.0943786233395363,3.3690172641782605,0.008743677407013022,145.34654323498467,555.5597264079971,427.92453742952375,604.7422070797134
2103.0,77.0,0.003783621288960846,0.08393155927365456,0.22254598387570762,13.198175850982235,2.6027227605098076,0.08796436049847554,1.1031271434122076,3.3642978223138456,0.008193700098111904,149.02457819642245,568.1544719954074,437.4013793590336,617.342561177015
2104.0,78.0,0.0035661270426024447,0.08397327252057822,0.22303498414699946,13.09114326570326,2.6106416660203964,0.08607907647219036,1.1112860627436822,3.3605082096052428,0.007678316361940666,152.67656865622428,581.0241249844078,447.1082460928486,630.1606667002201
2105.0,79.0,0.0033923631725509855,0.08451348743609752,0.2229312898987816,12.966396255844147,2.6184963519798186,0.08410934508339428,1.1190140815876832,3.357364524606845,0.007195350262774599,156.33559420683423,594.1795258830389,457.0508428067949,643.1987441719288
2106.0,80.0,0.003261036401130281,0.08505480033510814,0.2228070722981731,12.830367005771588,2.626276189733325,0.08210022970995591,1.1267587060108026,3.3543147965021527,0.006742762731246077,160.06485182668814,607.6303755327307,467.20635401034576,656.4589439206583
2107.0,81.0,0.003172934112702019,0.0857651226765186,0.22246193536557868,12.689317010743718,2.633974409936788,0.08009320376532689,1.1345199149884417,3.3513357267290624,0.006318642955450699,163.88247509467575,621.3885999500878,477.5997792260562,669.9433480871361
2108.0,82.0,-0.00017656044873482542,0.08720187620330885,0.22253769699813206,12.549644171660972,2.6415880001432344,0.07812814691337595,1.1424402381863137,3.3482316037027906,0.00592120031355285,167.82388694449725,635.4651124525724,488.483638162674,683.6539190742004
2109.0,83.0,-0.00013070143610218656,0.08734268016779138,0.22212259594001887,11.834090912832696,2.649117786646231,0.07303713413967751,1.151126549016058,3.345374732057107,0.006562880060719223,170.55589257153534,649.4181474238521,499.1748583848937,697.5924980025472
2110.0,84.0,0.0027069237160219765,0.08659209763385647,0.2216374506045704,11.182304366989483,2.6562182411939306,0.0683122833265882,1.1594361710635255,3.342324999956922,0.007128583060905616,173.42742949591673,663.7054203460185,509.9275937660176,711.768274263848
2111.0,85.0,0.002524637662711297,0.0865213056564716,0.22211595257577238,11.05443007125127,2.662927623814124,0.06664057590244447,1.1666326320619878,3.3390329061826893,0.006680195186374653,177.6318182196556,678.7625169685705,521.3051327122423,726.1846429972694
2112.0,86.0,0.002371937861560507,0.08666735110403014,0.22230015813302492,10.910278111691712,2.669560281856875,0.06490197009761767,1.173356041113915,3.3363483040577657,0.006260010909151687,181.84345477407925,694.1539946768936,532.9578584397599,740.837784742889
2113.0,87.0,0.002248620494074963,0.08697695432496359,0.22221802891497883,10.75462353155875,2.67610644872389,0.06312780988428925,1.1798178048594041,3.333980342926674,0.005866256222966046,186.1002950253373,709.8900220153749,544.9099055611302,755.7296534304378
2114.0,88.0,0.002149960318125956,0.08735024116221948,0.22210680200193758,10.59221528600092,2.682559222842825,0.06134760803959387,1.186172220259808,3.3316796274907445,0.005497268706541482,190.43576503105606,725.9796236750836,557.0992091482208,770.8621267115697
2115.0,89.0,0.0020766731742000834,0.08774894250028524,0.2219910827143616,10.427009969064612,2.6889145520144258,0.05958480665489563,1.192479718799254,3.329417005659627,0.005151490504900023,194.87092586110518,742.4365759330376,569.5433520916314,786.2370126499331
2116.0,90.0,-1.782654775745213e-5,0.08853606995590567,0.22206269307471904,10.263087557204315,2.6951707579958644,0.057862191995837406,1.1987646573298478,3.3271863563340602,0.004827461752141811,199.4235927078832,759.274529631576,582.4428988399652,801.855956744555
2117.0,91.0,0.0019029509602836656,0.0882636455545338,0.2215735920082922,9.703919832117704,2.701328610530187,0.054204830836077876,1.205359502423115,3.3251481446106435,0.005415131247877495,203.05105482075115,776.1429061285024,595.2090966357837,817.720427762063
2118.0,92.0,0.0018178644592695033,0.08843489625237894,0.2216655875745605,9.551832167966879,2.707150962429458,0.05265189316623634,1.211342842251979,3.322805205732593,0.0050745194923860005,207.83626300227073,793.7636132345465,608.5436120711531,833.8378443967474
2119.0,93.0,0.0017584681597189059,0.08873743571831956,0.2216120843962264,9.397270745340483,2.712882061730238,0.05111484741971142,1.2171280248412735,3.3206789509780603,0.004755332216314921,212.7103705429769,811.78829361432,622.1802350976716,850.2048870058615
2120.0,94.0,0.0004010932459866633,0.08928246546191054,0.2216977205381827,9.244621606850137,2.718520424177442,0.049616977663782195,1.2228385069521783,3.318630608136456,0.004456221819908713,217.70670720886727,830.2305998778037,636.2319530827616,866.8228094348863
2121.0,95.0,0.0016499583323377502,0.08925183557093823,0.2212735257355434,8.830995193303048,2.724067197141552,0.04689540148872664,1.2286856965826125,3.316776174151334,0.004749668472694825,222.0824449129408,848.8446903144013,650.3404915063855,883.6926736578912
2122.0,96.0,0.0006162495111754583,0.08966807325565684,0.22135428237608412,8.693351404378028,2.729365794257534,0.04555668356734909,1.2341699407612918,3.3146625619545427,0.004450914325762321,227.35320703302008,868.1520712994062,665.0445492908182,900.819743912665
2123.0,97.0,0.0006845276253657891,0.08980664773531084,0.22116604055787897,8.359030064554318,2.7345818051001607,0.043302697205367065,1.2396939303895225,3.312742455647116,0.004585423457059253,232.1550518543395,887.7018671698222,679.9335318521559,918.2014454746705
2124.0,98.0,0.0014726390066628432,0.08968380414197306,0.22108890981699034,8.05972393887359,2.7395972231388934,0.041257279238171934,1.2450180031183937,3.3107714598931692,0.004661491288975498,237.15488996203536,907.7276077068433,695.0988037517644,935.8419144062829
2125.0,99.0,0.0007749779703271918,0.08999032471592816,0.22110576229110387,7.937167922111867,2.7444330575022176,0.04010045998236419,1.2499298789446187,3.3088488218640135,0.004368283486898939,242.79652570968068,928.4011459001604,710.8517813618992,953.7421142318541
2126.0,100.0,0.0008153063082511684,0.09015891332665203,0.22092383187864117,7.682236374559646,2.7491953582554847,0.03834438664033965,1.2548206439911607,3.3070531393000007,0.004392223210548506,248.14092020146666,949.4023980381261,726.8430607350986,971.900006061961
2127.0,101.0,0.0008397676810605721,0.09027626306469601,0.2208061511667865,7.451374230126598,2.7538047000802206,0.03673765018026448,1.2595734172917314,3.3052047695293605,0.004385483083579469,253.67949243712712,970.9063555902183,743.2165000091494,990.3183558032047
2128.0,102.0,0.0008524708344874578,0.09009497189436134,0.2210902958789932,7.239846948750764,2.7582755246182966,0.035255297213151675,1.2641522236895621,3.3033624557244106,0.004361518897246886,259.3963280712111,992.9205995724461,759.9085787236907,1008.9974997720595
2129.0,103.0,0.0008581261642176658,0.08995624093777366,0.22140050111060142,7.044136725170571,2.762619432787547,0.033878024314902895,1.2683110345315411,3.3018739308381,0.0043299114297647694,265.23924020186945,1015.4589261582817,776.9501108068981,1027.9375843628093
2130.0,104.0,0.0008595819953064746,0.09034205513806744,0.22085687051715472,6.861932960106785,2.7668459148226496,0.03259236017424804,1.2721102741657695,3.300740997356199,0.004296221433359949,271.2124162123349,1038.53476531477,794.6558343070615,1047.1384639814444
2131.0,105.0,0.0008569714456000002,0.0902461179291628,0.22129603096414352,6.691652937240535,2.7709630745987135,0.031388463902410964,1.2760207287329584,3.299203438858173,0.004263602961210071,277.4014281874418,1062.139681420475,812.3731597849413,1066.5997051486
2132.0,106.0,0.0008543246550234848,0.09023719014747494,0.2211495848402483,6.531817982825842,2.774978066361058,0.03025725836238457,1.279622517826734,3.298136010752747,0.004234914762872966,283.7258901121914,1086.3140929476474,830.9225025472183,1086.320959332304
2133.0,107.0,0.000849050218159617,0.09006357383701007,0.2216328439963068,6.381887716994077,2.778897157150753,0.029194136571666585,1.283008051168582,3.29700411947071,0.004209936124417086,290.20369732007043,1111.040193005024,849.511293089245,1106.3011240628127
2134.0,108.0,0.000840943596801729,0.09019052766133331,0.22147482552919168,6.2407835472321,2.7827262897809497,0.028192286834597194,1.2860482078068,3.2963566915336617,0.004190326271009785,296.8068392289148,1136.3585087804684,868.834727559683,1126.5393264793524
2135.0,109.0,0.0008312427706866097,0.09027482640123051,0.22160468587280144,6.10742538141938,2.786470759909289,0.027245136755427137,1.2890212438171564,3.295610283522386,0.004177789975934765,303.5899418091434,1162.2595729070622,888.3904404984282,1147.0339199504385
2136.0,110.0,0.0008204154396740486,0.09020369772728459,0.22178830050486137,5.9810485620449505,2.7901352151381404,0.026347724117980708,1.2918943609236693,3.295019855603357,0.004173036010901265,310.54725827475386,1188.7719498022968,908.4972200921266,1167.7833255242722
2137.0,111.0,0.0008091666699529108,0.09047176675077179,0.22143863828789695,5.861021870579363,2.7937238442753674,0.025495851362749147,1.294539627476006,3.2946228020847363,0.00417639372218958,317.6519587310294,1215.902108939986,929.2479654469328,1188.7853757902687
2138.0,112.0,0.0007973283980863838,0.09018664584073924,0.22199854638266275,5.746897066212195,2.7972404573977148,0.024686263794689554,1.297262032020358,3.2939463020848767,0.004187664460055748,324.97249137151294,1243.6506030669689,950.1400489360873,1210.0376789981176
2139.0,113.0,0.000784181825083143,0.09051406883325679,0.2219082887281942,5.638205114833615,2.800688595637442,0.023915750861224404,1.299581051646086,3.293793829462485,0.004206784470763992,332.4029568172883,1272.0560458756922,971.5607695194434,1231.537715712262
2140.0,114.0,0.0007723434707701462,0.0905809081995278,0.22166807104694147,5.534328463263818,2.8040715187063423,0.023180615328114964,1.302047289420185,3.293572161204301,0.004234215701334158,340.06910862315885,1301.1299764970304,993.8824660743182,1253.2821696537544
2141.0,115.0,0.0007598994406624506,0.0902999879775375,0.22213007742079657,5.435280324576716,2.8073921157843005,0.022479901490730606,1.3044278847632966,3.293155564368063,0.0042684975133673204,347.922631414474,1330.8579121505256,1016.3531657314318,1275.2673715077015
2142.0,116.0,0.0007477259569687919,0.09065605078184753,0.22198572017359122,5.34062861388306,2.8106532839790463,0.021810878987584187,1.3064282751348564,3.293163028805252,0.004309646813317977,355.8930964034158,1361.2810338046752,1039.3158335954442,1297.4897439501692
2143.0,117.0,0.000735897238980794,0.09067829323825588,0.22200249554080476,5.250166038661594,2.8138576611473765,0.021171828493887063,1.3086191563717864,3.2930451684545674,0.004357044400738254,364.1223465320847,1392.4174450048831,1062.9940845553256,1319.9448283816293
2144.0,118.0,0.0007255393051155229,0.09086533651064081,0.22177582493827677,5.163714396985216,2.8170077607705735,0.02056120944497342,1.3107019235816246,3.292948699572482,0.0044100554642017694,372.54135204158587,1424.269803893537,1087.2983963247334,1342.627657239511
2145.0,119.0,0.0007169451997073031,0.09058903121830743,0.22243795873486494,5.081381012012732,2.8201059894087646,0.019978654809401687,1.3128248054734628,3.292661737075534,0.004467265082302119,381.19337727046087,1456.8486780842377,1111.6917228427412,1365.5330066864424
2146.0,120.0,0.0007072528294970188,0.09088091753913395,0.22246843929909396,5.003351751406012,2.8231548180159725,0.01942409926523355,1.314586229005295,3.292964327955467,0.0045271312402904,389.97725617901995,1490.206062191159,1136.7356980040954,1388.655248388331
2147.0,121.0,0.0006993130684902377,0.09087137083914093,0.22259186992301297,4.929103731621312,2.8261568290668158,0.018894745471760555,1.3164968280010818,3.293275629087608,0.00459029145212135,399.0307714603891,1524.3534959357862,1162.6069344157083,1411.9876026843335
2148.0,122.0,0.0006914441158347928,0.09094330284658429,0.2225528053800138,4.858851289645008,2.8291142913057885,0.01839069487553448,1.3182881397495676,3.293675520024154,0.004655266125419414,408.2876604829198,1559.291582181633,1189.1691886967365,1435.52280585774
2149.0,123.0,0.0006835331148682068,0.09092898613793086,0.22273624341732406,4.792383951508313,2.8320296020795754,0.017910435996484654,1.3200373123845899,3.2940182995361584,0.004721893204128074,417.77291418251826,1595.0312094113303,1216.1760128470987,1459.2532874783008
2150.0,124.0,0.0006771151092444989,0.09093238685092754,0.22302714295973158,4.729473699505661,2.8349050324504805,0.017452444679902864,1.3216724312605048,3.2944997237520326,0.004790103114607855,427.46934387959135,1631.6028082450468,1243.6555704696132,1483.1709755578454
2151.0,125.0,0.0006694764621449382,0.09124604790470901,0.22266418016181425,4.670305489120417,2.8377427166701836,0.0170167552314527,1.3232153829061593,3.295204606536499,0.004858709384684643,437.3882730436044,1669.0372865754975,1272.2091151920454,1507.2669322739264
2152.0,126.0,0.0006631689811517536,0.09102436305452094,0.2233756989849252,4.614350647610586,2.840544899963656,0.016600814268351232,1.3249390546990107,3.2955545114429126,0.004928581630559925,447.6160762644677,1707.3213505087106,1300.719724319332,1531.5313129969315
2153.0,127.0,0.0006574920396854362,0.0912122108221165,0.22342250952173787,4.5617794035401875,2.8433135103522225,0.01620465836629928,1.326371305335513,3.2964992224756937,0.004998670178131263,458.01389916638493,1746.5266833488283,1330.245260112326,1555.9541139098712
2154.0,128.0,0.0006497784791386272,0.09134445340677128,0.2235783917516622,4.512576278675321,2.846050577994347,0.015827654095749644,1.3278822584959233,3.2974293161502626,0.005068502453463919,468.70199631160256,1786.6490775415375,1360.3860261294046,1580.5236607286906
2155.0,129.0,0.0006456273038313065,0.09156999271257019,0.22349877841824503,4.4660008442777315,2.8487581237615522,0.015466672587900906,1.3294193719078107,3.2984399289234085,0.005139587266716583,479.667451724725,1827.713604823448,1391.424240157356,1605.2278911326623
2156.0,130.0,0.0006405187710561039,0.09156571724858503,0.22398669462892637,4.422884703941801,2.851437724268119,0.015124100851234501,1.3310615735196605,3.2993227964995953,0.005209240234705581,490.94864720351944,1869.7287780689094,1422.70498841953,1630.0538194428757
2157.0,131.0,0.0006356132662525336,0.0915394516963438,0.224447593445356,4.382782900623454,2.8540914550904843,0.01479788281591889,1.3326045750987607,3.300575924490083,0.005278253765256425,502.4815481730887,1912.7510558776205,1454.8000626255684,1654.9878009986476
2158.0,132.0,0.0006306463031355523,0.09182274758297458,0.22440608053792035,4.345593275942661,2.856721124830858,0.014487193070441837,1.3340351587629038,3.3021542826297527,0.005346520815072666,514.2655544664821,1956.7977571950073,1487.935808143361,1680.0146468111554
2159.0,133.0,0.0006263346929843696,0.09159718935979803,0.22512969111590064,4.311144710866241,2.8593284807964237,0.014191007192971382,1.3356268589061615,3.3036047872695917,0.0054141348108153724,526.403865478727,2001.8707066875684,1521.4545443581353,1705.1182649729362
2160.0,134.0,0.0006208232027092703,0.09196847106099683,0.22507862815850666,4.279482826329797,2.8619151676229433,0.013909043956858123,1.3369313904952527,3.3055958967357797,0.005480657608799229,538.7407727156184,2048.02227037417,1556.0409242676083,1730.281903674275
2161.0,135.0,0.0006169343728231884,0.09217311802879638,0.22525319572647884,4.25011071012177,2.864482857318741,0.013639283372333626,1.3384802998819616,3.307426898102479,0.005547039310349558,551.4765751759368,2095.2555723885325,1591.3390584539081,1755.4872243682692
2162.0,136.0,0.0006115022184758501,0.092257772378969,0.22567567767051477,4.223385838926036,2.867032923744814,0.013382502823126693,1.340115596714314,3.309302012645483,0.00561209949036992,564.5654586024327,2143.6029947492148,1627.2575115121408,1780.7151212232152
2163.0,137.0,0.0006072874272360491,0.09228309619415005,0.2262051364829029,4.198708805977648,2.8695669552481697,0.013136436900245275,1.3417287828561015,3.311432789073746,0.005677055351702518,577.9708560506439,2193.104108554331,1663.9467287744926,1805.9451724368269
2164.0,138.0,0.000603134474480051,0.09259986149070885,0.22635885116902144,4.176337265024565,2.872086180531756,0.012901571426204635,1.3432699766843796,3.3138966508289633,0.005741020929956093,591.6811328078271,2243.7913922562884,1701.6477221690252,1831.155458472637
2165.0,139.0,0.0005986001419702896,0.0926613573235109,0.22689587650679707,4.156171739840649,2.874591982890771,0.012677269826760257,1.3449946786387577,3.3163497468214125,0.005804014114719479,605.808839431879,2295.6809462352066,1740.0140741209193,1856.322637057409
2166.0,140.0,0.0005945075558328948,0.09287389789225636,0.2273084857609595,4.137979455446612,2.877085685934676,0.012462517089323031,1.3466721077678285,3.3191236086196803,0.005866377408456169,620.2673889167561,2348.8160562909507,1779.2444271973013,1881.4221812454853
2167.0,141.0,0.0005894493011173279,0.09316620766382679,0.22763550209824418,4.121795800009225,2.879568473607944,0.012257138296900472,1.3484352364733654,3.322092113803251,0.005927826813632183,635.1224650636848,2403.2284243358545,1819.4169065727494,1906.4278473119696
2168.0,142.0,0.0005847475990025092,0.09297858800321934,0.22874881069391803,4.1072075170325775,2.882041551087949,0.012059642382579878,1.3503478198309564,3.3251700433079954,0.00598913109951843,650.4116244720202,2458.9453025234775,1859.9776829656366,1931.3118199702137
2169.0,143.0,0.0005786161420273606,0.09341512695755128,0.22896300199027086,4.094240048116181,2.8845058755981685,0.011869877816276303,1.3519874625141766,3.3290293146586056,0.006050038509492373,665.9546475342927,2516.0380354984964,1902.042346410387,1956.044732958888
2170.0,144.0,0.0005720804965932239,0.09385580880922538,0.22928548500948467,4.0823336979489,2.886962419627038,0.011686019511698183,1.353908090751525,3.332848822547677,0.006111627851077172,682.0090093703776,2574.4977731663093,1944.883038615766,1980.5948203387636
2171.0,145.0,0.0005659216188536501,0.09424143922432407,0.22966807428453023,4.071280340921656,2.8894118198458076,0.011507322072455842,1.3560967949545013,3.3367242737490015,0.006174156141872874,698.5856459706763,2634.371183861289,1988.7336295299795,2004.9292711571647
2172.0,146.0,0.0005605182638518983,0.09468732102269273,0.23028350395579641,4.061140089972535,2.8918545880503608,0.011333821892702342,1.3584904722286675,3.3407042452553593,0.006237289141667402,715.6724555268424,2695.6910260221857,2033.0372427414118,2029.0131953192208
2173.0,147.0,0.000555924271977658,0.09475747535946784,0.231226797647995,4.052103685206455,2.894291272104344,0.011165909726112002,1.3611289989756326,3.3449834063843777,0.006300433976835034,733.3077805703527,2758.5339160421936,2078.521721434495,2052.809799217825
2174.0,148.0,0.0005520454309104067,0.0950307009503215,0.23223998245304336,4.0443801774172945,2.896722534315468,0.011004002596314214,1.3636747459959973,3.349826862215938,0.006362994642665647,751.3380258302732,2822.926953062633,2124.534596769249,2076.279521917169
2175.0,149.0,0.0005474747193739419,0.0953078400233097,0.23319905766336327,4.038145284154146,2.899149162421918,0.010848402691760002,1.3663078801347168,3.3552617806674347,0.006424481480650978,769.8669427249623,2888.947450059439,2171.7974330656384,2099.38082493205
2176.0,150.0,0.0005431459583483196,0.09574900715783648,0.23443304590143063,4.0330761293277675,2.9015720495924104,0.010698069712090438,1.3690266840001206,3.3612069565068285,0.006485473515496869,788.9059366353682,2956.6224678867125,2219.2550011727885,2122.06920774391
2177.0,151.0,0.0005381578830997502,0.09627880384116232,0.2350920341684866,4.029191725482564,2.903991895270007,0.010552906297987306,1.3719672774686846,3.367869156822654,0.006545824452765772,808.5449894436504,3026.059599089563,2269.020016233833,2144.2980049922126
2178.0,152.0,0.0005337926246786384,0.09673195319511962,0.2365532601407633,4.026185433393831,2.906409410305297,0.010411973786868468,1.3751929043116229,3.374711766239133,0.0066060626412196765,828.8381962295899,3097.2157460412136,2318.3172351847415,2166.016849328182
2179.0,153.0,0.0005286771576207013,0.09721168776993118,0.23750856284598798,4.024228411774701,2.908825121565333,0.010275596910548341,1.3786210360351554,3.3824142565197697,0.0066657364511050156,849.7624692739454,3170.25216505385,2370.0198145512736,2187.174266726917
2180.0,154.0,0.000523597617559002,0.0979906995748228,0.23857161667351268,4.022979784056084,2.911239658612398,0.010142789914116733,1.3822627036080324,3.3904914319833073,0.006725436962445122,871.3430625112618,3245.125636682593,2422.0083237238778,2207.713929642998
2181.0,155.0,0.0005189294900876958,0.09860482173365218,0.23972679129093408,4.022401328579326,2.9136534464828316,0.010013366737472969,1.3863623698078482,3.399014067797691,0.006785137444516261,893.7497892340604,3321.9483720820776,2475.4967331170737,2227.5781887428393
2182.0,156.0,0.0005147918471384521,0.09911325822020817,0.24172612197119617,4.022600251954508,2.916066887279979,0.00988750559368436,1.3907517448891227,3.4080353435942814,0.006844535070860234,916.9122811556889,3400.749669373336,2528.462501034899,2246.7052030897316
2183.0,157.0,0.0005096983087014234,0.10004278312631297,0.243052869603091,4.023729998079206,2.9184804474311523,0.009765485491532831,1.3953233168600845,3.4182508217757244,0.006903257624681389,940.7905894386438,3481.7082078695735,2583.4938357506653,2265.0302933897274
2184.0,158.0,0.0005049677048434114,0.10085694871711942,0.24462265813959352,4.025361227207043,2.9208946854299995,0.009646172184354611,1.400427331939414,3.4290135723003994,0.006962056098996559,965.6321961433956,3564.8206068687796,2639.6109674418726,2282.483113887406
2185.0,159.0,0.0005006253201802257,0.10162361111519821,0.24675768578095333,4.027594673358694,2.923309902166324,0.009529739975496795,1.405933815661606,3.440500122463216,0.007020658462374603,991.3914048151265,3650.1572267360225,2695.787418594596,2298.9907573500254
2186.0,160.0,0.0004956261063126065,0.10227003297613028,0.24925222654582568,4.030541189353871,2.9257264589703396,0.009416376154867814,1.4117786389206821,3.4531525294906187,0.007078790766920066,1018.0608255684522,3737.865998177633,2752.822383173362,2314.4763221293997
2187.0,161.0,0.000488959004039349,0.10359632054776034,0.25087249285394053,4.033886242722086,2.928144783683952,0.009305275249362737,1.417839297209751,3.4672101708119993,0.007136970381328851,1045.586708895279,3828.0421025257274,2811.965986852754,2328.857345704419
2188.0,162.0,0.0004819183303768952,0.10435589974048423,0.2529062305207682,4.036903317443795,2.9305651154295855,0.009194731837599788,1.4246841225389808,3.4818430837437506,0.007196432278529658,1074.3965452284237,3920.693930360823,2873.120261575312,2342.0465592619944
2189.0,163.0,0.0004725080195029961,0.10539170972784356,0.2555904436708369,4.039415066217161,2.9329872574200517,0.009084360124454913,1.4317834833585876,3.497371354431288,0.007257375476470863,1104.161523094466,4015.841360059326,2933.1112361518763,2353.9533022540354
2190.0,164.0,0.00045580033449702336,0.10609884633234488,0.2589612447448898,4.040400943780571,2.935410906459782,0.008971921543294042,1.4393582660610742,3.514298404287976,0.0073214686017114405,1135.0715215312987,4113.728554532936,2993.679703240827,2364.4832004968453
2191.0,165.0,0.0004251762087415328,0.10781010385472568,0.26096817054714627,4.036733625551907,2.93783514702605,0.008850671818942755,1.4471006551803023,3.533127970912218,0.007393941313607861,1166.9139305320102,4214.478310640842,3057.0450280399655,2373.533923557158
2192.0,166.0,0.00037384498485975605,0.10914606203872211,0.2640458570050794,4.022413403249436,2.9402571872013814,0.008707991375877095,1.4558561927604037,3.5525864455058396,0.0074846456041264345,1200.3315624082654,4318.0522426233065,3119.8373596677748,2380.997129268038
2193.0,167.0,0.0002854465656408047,0.1100281081051619,0.2679403179600667,3.9884111492119505,2.9426706352433314,0.00852543113396182,1.4652461807739028,3.573549416470354,0.00760796442339765,1235.0277634860513,4424.6391548026,3183.065698976781,2386.7612541632843
2194.0,168.0,0.0001307105746123055,0.11191745115275119,0.2706004917124582,3.918145424538236,2.9450636819328584,0.008269554657437232,1.4748480852866952,3.5966236422965,0.007789866371534244,1270.5825669508913,4534.337264429582,3248.4979716422454,2390.707332211863
2195.0,169.0,0.00193626719861945,0.11228354067377615,0.27642581162066954,3.780828987669138,2.9474145691875813,0.007879048010389909,1.4855048420130903,3.62063723849524,0.008077496787087425,1307.4821815174032,4647.075885229959,3312.8148031672476,2392.710556334075
2196.0,170.0,-4.352737364426114e-5,0.1152239244771964,0.2787151307428017,4.367968660304435,2.949683066580183,0.008987757945584698,1.4958630514418445,3.6482206084720294,0.007569422239179626,1350.9840642594565,4765.334500207048,3380.548294072641,2392.6434960404313
2197.0,171.0,-0.00012030472584428846,0.11768864406097598,0.28192304705072396,4.124056726004021,2.9523038477763657,0.008378796189239033,1.5081216764400942,3.676169508705439,0.008004416108653031,1390.6250453417654,4884.9070257380035,3447.169205377012,2390.3296434327817
2198.0,172.0,-0.00041563983804464717,0.11769022751164535,0.2883963478114796,3.853651272410258,2.954778281811968,0.007730623981524467,1.521765448841934,3.7052409986650523,0.008471387431354824,1432.4369807450535,5008.076268348295,3511.5581880161485,2385.650413806154
2199.0,173.0,0.0018969273886095604,0.11885167281696363,0.2950047250266633,3.4424304073771697,2.9570904725754144,0.006818556587982179,1.5346347081247265,3.7381304424041284,0.009140081551106644,1473.596285794332,5134.7937693684435,3579.528200735085,2378.4555948194525
2200.0,174.0,0.001812516582923987,0.12237854525553496,0.29876079943321765,4.049768994000977,2.9591559308198407,0.00792031897970299,1.5477532437927604,3.7747256628321884,0.008565170421542036,1524.799522414868,5268.557205274205,3650.7716996543727,2368.591183756864
2201.0,175.0,0.002007247337236798,0.12437452150373594,0.30542843088449784,4.634730601198199,2.9615857922162414,0.008949979867073953,1.5631018205929694,3.8124099922940333,0.008026421202027042,1579.359781129601,5406.449936555765,3718.4904273257566,2355.836045048425
2202.0,176.0,-0.0008627541079162587,0.12652945493289017,0.31158003842495613,5.285217693108583,2.9643666305769605,0.010077332381131836,1.5792608754919468,3.8535686598942256,0.007521559308419541,1636.8187383033955,5549.110230350696,3785.1464353432593,2339.994789800039
2203.0,177.0,-0.0008471706109886722,0.12842726048209835,0.3180731459323108,4.54180539147094,2.9675377611928253,0.008550595624723234,1.5963173556507184,3.897566446269145,0.008608047170471764,1684.9131339607666,5692.702199171333,3851.4509571415274,2320.8525682970812
2204.0,178.0,0.0023695722903454303,0.13419993371028294,0.32124914614683037,3.836290476652409,2.9702628444277077,0.00713123046822262,1.6140039974230505,3.9445253050932294,0.009613556808573506,1735.412251843635,5841.112875562988,3926.301476892033,2298.255362824426
2205.0,179.0,0.0024922273768899655,0.13388567655099315,0.33351471759506135,4.616482961163556,2.9725646187136996,0.0084732372587198,1.6355247292597375,3.9915007085634215,0.009008864085314233,1804.7022827973622,5998.610235266601,3989.7401926194643,2272.0009313080855
2206.0,180.0,-0.0011285627318441756,0.13595770598278412,0.3420264467188431,5.455053350405458,2.9753345084903975,0.009886037963233361,1.6555758860617988,4.046082801950155,0.008442206534347968,1874.9740892498705,6161.949961206546,4055.0501853631804,2241.800715440074
2207.0,181.0,0.0027454046375850138,0.13713934877600406,0.3533348141902806,4.519181556710918,2.978607540500641,0.008086641739981278,1.6762328730103053,4.104698209321678,0.009688045702618619,1932.0690660774108,6325.929552863388,4120.5963915485045,2207.382668879802
2208.0,182.0,0.003043902819527476,0.14340965201956163,0.35852918989597915,5.439100160444206,2.981319049434667,0.00960993857468459,1.6967172527339558,4.169432239406804,0.009078667627923908,2007.7032122104722,6501.11374535751,4193.123995755349,2168.5586863030044
2209.0,183.0,0.0034985292585418943,0.14364022451793304,0.3725149470455313,6.471696668459876,2.9845825095309335,0.011290075569441917,1.7212821429203,4.234874241201909,0.008507619434127494,2091.2293222480894,6682.395727100168,4254.645748483762,2124.978804244658
2210.0,184.0,0.004081335352574167,0.14385350971980623,0.38719653165339873,7.658312816728617,2.98846552753201,0.01319158330401585,1.7446670081944466,4.308247828320533,0.007972490171720874,2177.2298888226583,6870.596589731929,4314.800900641872,2076.330516345614
2211.0,185.0,0.0048004295915587,0.14933978317891775,0.39557389194022863,9.035530340847776,2.9930605152220466,0.015367474642978473,1.7669197700106798,4.38965693414533,0.007471020539919632,2266.0751749965743,7066.009574903457,4381.742223798531,2022.2696792674412
2212.0,186.0,0.005663852773074524,0.14997136896220742,0.41093598105938145,10.642801758661015,2.9984818334265553,0.01787266426486224,1.7924981244907279,4.473474267501757,0.007001093347958687,2363.6097005195993,7268.530872182491,4439.68888345473,1962.427608193619
2213.0,187.0,0.006716293332533047,0.15288838683003117,0.4238772334141021,12.52358213448622,3.0048675144817523,0.020765553474494512,1.8171738383868232,4.565279895876596,0.006560724576372086,2465.2516465977146,7478.784410082908,4499.6845977014855,1896.4159725819823
2214.0,188.0,0.007968730313284648,0.15412267065136637,0.4395754028698014,14.735148128442098,3.0123816637624437,0.024123443129307195,1.8428986871546198,4.6626448588064395,0.006148055000518282,2574.0468040401765,7696.881998167753,4555.263613842014,1823.810556197805
2215.0,189.0,0.009505798519823217,0.1540434317074292,0.4573595467021602,17.34382762146921,3.0212227526395092,0.028032376525458685,1.8682136633372106,4.767498499165889,0.005761342340985682,2688.8272534262774,7923.202625123055,4607.354033833258,1744.157272328702
2216.0,190.0,0.011257212317078536,0.16025665069528033,0.46738225264202676,20.443237280723494,3.0316290492123907,0.03261256690123912,1.8920448148406201,4.881106601951713,0.005398953907737683,2808.9808247660417,8158.056368002167,4668.284136163127,1656.9631254937638
2217.0,191.0,0.0134355643349579,0.15874209783083718,0.4878990465245979,24.12902861375708,3.0438949915808244,0.03797055934165118,1.9197180698402356,4.996713838291483,0.0050593597069409834,2942.6176909877554,8401.306331986996,4713.394036399263,1561.6925095874408
2218.0,192.0,0.015908736069535388,0.16260128113486338,0.5017496744434911,28.558864792936777,3.058372408749079,0.04428430016657012,1.9445834665148258,5.122679177651547,0.0047411259813743955,3081.917046224553,8653.681339024395,4765.936203521046,1457.769286929865
2219.0,193.0,0.01879178812306274,0.1609877860626867,0.5230176390758087,33.89520471994348,3.0755077276248413,0.051702533929667026,1.9712741288662001,5.253067591915422,0.0044429091571459465,3234.5190994921404,8915.060249106915,4806.399967008443,1344.5533988607542
2220.0,194.0,0.022229588475331172,0.1690508951794427,0.5326401355124347,40.354314596870424,3.0958448504568077,0.06041647669862511,1.9951214037867937,5.393593430037857,0.004163450171161467,3395.0649748700143,9185.88512646141,4856.620232912146,1221.3464596955748
2221.0,195.0,0.026222136870548682,0.15891164453519868,0.5647424023427476,48.212485769110586,3.12005743921493,0.07066828820292734,2.024355119476125,5.53437607537356,0.0039015691553954106,3577.678800973947,9466.010103354702,4878.587205897065,1087.3694787797458
2222.0,196.0,0.030953211254552387,0.16617574882945052,0.5750047265995422,57.77721190307064,3.1489849306763964,0.08271589177232995,2.0434602811392146,5.693378411118292,0.0036561604555210396,3760.469948736596,9755.984890934345,4923.9623149736935,941.758806806183
2223.0,197.0,0.03644692029200516,0.16501735739359763,0.5961654832121541,69.41653225732031,3.1836512578182385,0.09688335144937679,2.067588839630059,5.852196833933926,0.0034261879628687663,3969.138198946374,10055.124350700611,4948.95204382288,783.5334276116077
2224.0,198.0,0.04292426186216784,0.16879677264235968,0.6103677031143885,83.52930379741314,3.2253011771726303,0.11352522430064158,2.0893845769320003,6.01952753524351,0.003210680740004321,4194.761357695553,10363.609992813628,4980.037198364809,611.5956421991385
2225.0,199.0,0.05048244807111245,0.17192771345910624,0.6252390469473483,100.58459409917482,3.2754187594510786,0.13307894774520565,2.113122340639429,6.189376927510258,0.003008728921458049,4447.597026516842,10680.62861728959,5002.23032903599,424.6861991566031
2226.0,200.0,-0.00391562914806138,2.7740019008092036e-16,1.7754779728423802e-14,121.10805416321817,3.3357695159105836,0.15604061225843563,2.138146288162869,6.362143710245503,0.002819479872298338,4730.517340170901,11005.43113728162,10994.195372687662,221.37083763409893
